-- MySQL dump 10.16  Distrib 10.1.33-MariaDB, for Win32 (AMD64)
--
-- Host: localhost    Database: concedii
-- ------------------------------------------------------
-- Server version	10.1.33-MariaDB

/*!40101 SET @OLD_CHARACTER_SET_CLIENT=@@CHARACTER_SET_CLIENT */;
/*!40101 SET @OLD_CHARACTER_SET_RESULTS=@@CHARACTER_SET_RESULTS */;
/*!40101 SET @OLD_COLLATION_CONNECTION=@@COLLATION_CONNECTION */;
/*!40101 SET NAMES utf8 */;
/*!40103 SET @OLD_TIME_ZONE=@@TIME_ZONE */;
/*!40103 SET TIME_ZONE='+00:00' */;
/*!40014 SET @OLD_UNIQUE_CHECKS=@@UNIQUE_CHECKS, UNIQUE_CHECKS=0 */;
/*!40014 SET @OLD_FOREIGN_KEY_CHECKS=@@FOREIGN_KEY_CHECKS, FOREIGN_KEY_CHECKS=0 */;
/*!40101 SET @OLD_SQL_MODE=@@SQL_MODE, SQL_MODE='NO_AUTO_VALUE_ON_ZERO' */;
/*!40111 SET @OLD_SQL_NOTES=@@SQL_NOTES, SQL_NOTES=0 */;

--
-- Table structure for table `departments`
--

DROP TABLE IF EXISTS `departments`;
/*!40101 SET @saved_cs_client     = @@character_set_client */;
/*!40101 SET character_set_client = utf8 */;
CREATE TABLE `departments` (
  `id` bigint(20) NOT NULL AUTO_INCREMENT,
  `name` varchar(255) DEFAULT NULL,
  `manager_id` bigint(20) DEFAULT NULL,
  PRIMARY KEY (`id`),
  KEY `FK56q3esufky8u69xbmo4n63c4r` (`manager_id`),
  CONSTRAINT `FK56q3esufky8u69xbmo4n63c4r` FOREIGN KEY (`manager_id`) REFERENCES `employees` (`id`)
) ENGINE=InnoDB AUTO_INCREMENT=3 DEFAULT CHARSET=latin1;
/*!40101 SET character_set_client = @saved_cs_client */;

--
-- Dumping data for table `departments`
--

LOCK TABLES `departments` WRITE;
/*!40000 ALTER TABLE `departments` DISABLE KEYS */;
INSERT INTO `departments` VALUES (1,'IT',1),(2,'HR',NULL);
/*!40000 ALTER TABLE `departments` ENABLE KEYS */;
UNLOCK TABLES;

--
-- Table structure for table `employees`
--

DROP TABLE IF EXISTS `employees`;
/*!40101 SET @saved_cs_client     = @@character_set_client */;
/*!40101 SET character_set_client = utf8 */;
CREATE TABLE `employees` (
  `id` bigint(20) NOT NULL AUTO_INCREMENT,
  `job_title` varchar(255) DEFAULT NULL,
  `name` varchar(255) DEFAULT NULL,
  `department_id` bigint(20) NOT NULL,
  `team_id` bigint(20) DEFAULT NULL,
  PRIMARY KEY (`id`),
  KEY `FKgy4qe3dnqrm3ktd76sxp7n4c2` (`department_id`),
  KEY `FKa5cxjw6yuqlbp0np1g51o03gf` (`team_id`),
  CONSTRAINT `FKa5cxjw6yuqlbp0np1g51o03gf` FOREIGN KEY (`team_id`) REFERENCES `teams` (`id`),
  CONSTRAINT `FKgy4qe3dnqrm3ktd76sxp7n4c2` FOREIGN KEY (`department_id`) REFERENCES `departments` (`id`)
) ENGINE=InnoDB AUTO_INCREMENT=8 DEFAULT CHARSET=latin1;
/*!40101 SET character_set_client = @saved_cs_client */;

--
-- Dumping data for table `employees`
--

LOCK TABLES `employees` WRITE;
/*!40000 ALTER TABLE `employees` DISABLE KEYS */;
INSERT INTO `employees` VALUES (1,'manager','popoviciu',1,NULL),(2,'java junior dev','popescu',1,1),(3,'java  senior dev','pop',1,1),(4,'senior tester','pop',1,2),(5,'junior tester','sandulescu',1,2),(6,'hr consultant','alexandra',2,NULL),(7,'manager','alexandra',2,NULL);
/*!40000 ALTER TABLE `employees` ENABLE KEYS */;
UNLOCK TABLES;

--
-- Table structure for table `hibernate_sequence`
--

DROP TABLE IF EXISTS `hibernate_sequence`;
/*!40101 SET @saved_cs_client     = @@character_set_client */;
/*!40101 SET character_set_client = utf8 */;
CREATE TABLE `hibernate_sequence` (
  `next_val` bigint(20) DEFAULT NULL
) ENGINE=InnoDB DEFAULT CHARSET=latin1;
/*!40101 SET character_set_client = @saved_cs_client */;

--
-- Dumping data for table `hibernate_sequence`
--

LOCK TABLES `hibernate_sequence` WRITE;
/*!40000 ALTER TABLE `hibernate_sequence` DISABLE KEYS */;
INSERT INTO `hibernate_sequence` VALUES (3),(3);
/*!40000 ALTER TABLE `hibernate_sequence` ENABLE KEYS */;
UNLOCK TABLES;

--
-- Table structure for table `leaves`
--

DROP TABLE IF EXISTS `leaves`;
/*!40101 SET @saved_cs_client     = @@character_set_client */;
/*!40101 SET character_set_client = utf8 */;
CREATE TABLE `leaves` (
  `id` bigint(20) NOT NULL AUTO_INCREMENT,
  `end_date` datetime DEFAULT NULL,
  `start_date` datetime DEFAULT NULL,
  `status` varchar(255) DEFAULT NULL,
  `type` varchar(255) DEFAULT NULL,
  `employee_id` bigint(20) NOT NULL,
  PRIMARY KEY (`id`),
  KEY `FK6kwhuq11saeyki0nc54elfap2` (`employee_id`),
  CONSTRAINT `FK6kwhuq11saeyki0nc54elfap2` FOREIGN KEY (`employee_id`) REFERENCES `employees` (`id`)
) ENGINE=InnoDB AUTO_INCREMENT=3 DEFAULT CHARSET=latin1;
/*!40101 SET character_set_client = @saved_cs_client */;

--
-- Dumping data for table `leaves`
--

LOCK TABLES `leaves` WRITE;
/*!40000 ALTER TABLE `leaves` DISABLE KEYS */;
INSERT INTO `leaves` VALUES (1,'2012-01-05 00:00:00','2011-12-18 00:00:00','pending','annual leave',2),(2,'2011-08-10 00:00:00','2011-08-10 00:00:00','approved','sick leave',2);
/*!40000 ALTER TABLE `leaves` ENABLE KEYS */;
UNLOCK TABLES;

--
-- Table structure for table `projects`
--

DROP TABLE IF EXISTS `projects`;
/*!40101 SET @saved_cs_client     = @@character_set_client */;
/*!40101 SET character_set_client = utf8 */;
CREATE TABLE `projects` (
  `id` bigint(20) NOT NULL AUTO_INCREMENT,
  `description` varchar(255) DEFAULT NULL,
  `end_date` datetime DEFAULT NULL,
  `name` varchar(255) DEFAULT NULL,
  `start_date` datetime DEFAULT NULL,
  PRIMARY KEY (`id`)
) ENGINE=InnoDB AUTO_INCREMENT=2 DEFAULT CHARSET=latin1;
/*!40101 SET character_set_client = @saved_cs_client */;

--
-- Dumping data for table `projects`
--

LOCK TABLES `projects` WRITE;
/*!40000 ALTER TABLE `projects` DISABLE KEYS */;
INSERT INTO `projects` VALUES (1,'java web project','2012-12-20 00:00:00','banking website','2011-12-18 00:00:00');
/*!40000 ALTER TABLE `projects` ENABLE KEYS */;
UNLOCK TABLES;

--
-- Table structure for table `roles`
--

DROP TABLE IF EXISTS `roles`;
/*!40101 SET @saved_cs_client     = @@character_set_client */;
/*!40101 SET character_set_client = utf8 */;
CREATE TABLE `roles` (
  `id` bigint(20) NOT NULL,
  `name` varchar(255) DEFAULT NULL,
  PRIMARY KEY (`id`)
) ENGINE=InnoDB DEFAULT CHARSET=latin1;
/*!40101 SET character_set_client = @saved_cs_client */;

--
-- Dumping data for table `roles`
--

LOCK TABLES `roles` WRITE;
/*!40000 ALTER TABLE `roles` DISABLE KEYS */;
INSERT INTO `roles` VALUES (2,'ROLE_EMPLOYEE');
/*!40000 ALTER TABLE `roles` ENABLE KEYS */;
UNLOCK TABLES;

--
-- Table structure for table `teams`
--

DROP TABLE IF EXISTS `teams`;
/*!40101 SET @saved_cs_client     = @@character_set_client */;
/*!40101 SET character_set_client = utf8 */;
CREATE TABLE `teams` (
  `id` bigint(20) NOT NULL AUTO_INCREMENT,
  `name` varchar(255) DEFAULT NULL,
  `project_id` bigint(20) NOT NULL,
  `team_leader_id` bigint(20) DEFAULT NULL,
  PRIMARY KEY (`id`),
  KEY `FK7so1u4r6rpxrqeyxekfwklt5l` (`project_id`),
  KEY `FK5xok7wof6urgnjxfkcje36o1u` (`team_leader_id`),
  CONSTRAINT `FK5xok7wof6urgnjxfkcje36o1u` FOREIGN KEY (`team_leader_id`) REFERENCES `employees` (`id`),
  CONSTRAINT `FK7so1u4r6rpxrqeyxekfwklt5l` FOREIGN KEY (`project_id`) REFERENCES `projects` (`id`)
) ENGINE=InnoDB AUTO_INCREMENT=3 DEFAULT CHARSET=latin1;
/*!40101 SET character_set_client = @saved_cs_client */;

--
-- Dumping data for table `teams`
--

LOCK TABLES `teams` WRITE;
/*!40000 ALTER TABLE `teams` DISABLE KEYS */;
INSERT INTO `teams` VALUES (1,'dev team web',1,3),(2,'tester team web',1,4);
/*!40000 ALTER TABLE `teams` ENABLE KEYS */;
UNLOCK TABLES;

--
-- Table structure for table `users`
--

DROP TABLE IF EXISTS `users`;
/*!40101 SET @saved_cs_client     = @@character_set_client */;
/*!40101 SET character_set_client = utf8 */;
CREATE TABLE `users` (
  `id` bigint(20) NOT NULL,
  `password` varchar(255) DEFAULT NULL,
  `username` varchar(255) DEFAULT NULL,
  `role_id` bigint(20) DEFAULT NULL,
  PRIMARY KEY (`id`),
  KEY `FKp56c1712k691lhsyewcssf40f` (`role_id`),
  CONSTRAINT `FKp56c1712k691lhsyewcssf40f` FOREIGN KEY (`role_id`) REFERENCES `roles` (`id`)
) ENGINE=InnoDB DEFAULT CHARSET=latin1;
/*!40101 SET character_set_client = @saved_cs_client */;

--
-- Dumping data for table `users`
--

LOCK TABLES `users` WRITE;
/*!40000 ALTER TABLE `users` DISABLE KEYS */;
INSERT INTO `users` VALUES (1,'$2a$10$We77VY.VZX87926XT4/gwuBTd2sXZXfLaN3yUUWULC2TIVjaQc9i6','user',2);
/*!40000 ALTER TABLE `users` ENABLE KEYS */;
UNLOCK TABLES;
/*!40103 SET TIME_ZONE=@OLD_TIME_ZONE */;

/*!40101 SET SQL_MODE=@OLD_SQL_MODE */;
/*!40014 SET FOREIGN_KEY_CHECKS=@OLD_FOREIGN_KEY_CHECKS */;
/*!40014 SET UNIQUE_CHECKS=@OLD_UNIQUE_CHECKS */;
/*!40101 SET CHARACTER_SET_CLIENT=@OLD_CHARACTER_SET_CLIENT */;
/*!40101 SET CHARACTER_SET_RESULTS=@OLD_CHARACTER_SET_RESULTS */;
/*!40101 SET COLLATION_CONNECTION=@OLD_COLLATION_CONNECTION */;
/*!40111 SET SQL_NOTES=@OLD_SQL_NOTES */;

-- Dump completed on 2018-09-27 19:14:20
